[{"@id": "8ebac75e-5871-4c7e-9ba4-9f7dcc35a29c", "@plugin_type": "telemetry", "@type": "vsan_perf_data", "data": [{"@type": "vmodl.query.PropertyCollector.ObjectContent", "missingSet": [], "obj": {"@type": "vim.Folder", "moId": "group-d1"}, "propSet": [{"@type": "vmodl.DynamicProperty", "name": "pbmProfiles", "val": {"@type": "vmodl.DynamicArray", "val": [{"@type": "pbm.profile.CapabilityBasedProfile", "constraints": {"@type": "pbm.profile.SubProfileCapabilityConstraints", "subProfiles": [{"@type": "pbm.profile.SubProfileCapabilityConstraints.SubProfile", "capability": [{"@type": "pbm.capability.CapabilityInstance", "constraint": [{"@type": "pbm.capability.ConstraintInstance", "propertyInstance": [{"@type": "pbm.capability.PropertyInstance", "id": "stripeWidth", "operator": null, "value": 1}]}], "id": {"@type": "pbm.capability.CapabilityMetadata.UniqueId", "id": "stripeWidth", "namespace": "VSAN"}}, {"@type": "pbm.capability.CapabilityInstance", "constraint": [{"@type": "pbm.capability.ConstraintInstance", "propertyInstance": [{"@type": "pbm.capability.PropertyInstance", "id": "hostFailuresToTolerate", "operator": null, "value": 1}]}], "id": {"@type": "pbm.capability.CapabilityMetadata.UniqueId", "id": "hostFailuresToTolerate", "namespace": "VSAN"}}, {"@type": "pbm.capability.CapabilityInstance", "constraint": [{"@type": "pbm.capability.ConstraintInstance", "propertyInstance": [{"@type": "pbm.capability.PropertyInstance", "id": "replicaPreference", "operator": null, "value": "RAID-1 (Mirroring) - Performance"}]}], "id": {"@type": "pbm.capability.CapabilityMetadata.UniqueId", "id": "replicaPreference", "namespace": "VSAN"}}], "forceProvision": null, "name": ""}]}, "createdBy": "Temporary user handle", "creationTime": {"@type": "datetime", "@value": 1490263134.197}, "description": null, "generationId": 0, "isDefault": false, "lastUpdatedBy": "Temporary user handle", "lastUpdatedTime": {"@type": "datetime", "@value": 1490263134.197}, "lineOfService": null, "name": "ProfileLC1", "profileCategory": "REQUIREMENT", "profileId": {"@type": "pbm.profile.ProfileId", "uniqueId": "21ac3f4b-9cf3-4f16-b4d0-cf44592dacea"}, "resourceType": {"@type": "pbm.profile.ResourceType", "resourceType": "STORAGE"}, "systemCreatedProfileType": null}, {"@type": "pbm.profile.CapabilityBasedProfile", "constraints": {"@type": "pbm.profile.SubProfileCapabilityConstraints", "subProfiles": [{"@type": "pbm.profile.SubProfileCapabilityConstraints.SubProfile", "capability": [{"@type": "pbm.capability.CapabilityInstance", "constraint": [{"@type": "pbm.capability.ConstraintInstance", "propertyInstance": [{"@type": "pbm.capability.PropertyInstance", "id": "stripeWidth", "operator": null, "value": 1}]}], "id": {"@type": "pbm.capability.CapabilityMetadata.UniqueId", "id": "stripeWidth", "namespace": "VSAN"}}, {"@type": "pbm.capability.CapabilityInstance", "constraint": [{"@type": "pbm.capability.ConstraintInstance", "propertyInstance": [{"@type": "pbm.capability.PropertyInstance", "id": "hostFailuresToTolerate", "operator": null, "value": 1}]}], "id": {"@type": "pbm.capability.CapabilityMetadata.UniqueId", "id": "hostFailuresToTolerate", "namespace": "VSAN"}}, {"@type": "pbm.capability.CapabilityInstance", "constraint": [{"@type": "pbm.capability.ConstraintInstance", "propertyInstance": [{"@type": "pbm.capability.PropertyInstance", "id": "replicaPreference", "operator": null, "value": "RAID-1 (Mirroring) - Performance"}]}], "id": {"@type": "pbm.capability.CapabilityMetadata.UniqueId", "id": "replicaPreference", "namespace": "VSAN"}}, {"@type": "pbm.capability.CapabilityInstance", "constraint": [{"@type": "pbm.capability.ConstraintInstance", "propertyInstance": [{"@type": "pbm.capability.PropertyInstance", "id": "proportionalCapacity", "operator": null, "value": 100}]}], "id": {"@type": "pbm.capability.CapabilityMetadata.UniqueId", "id": "proportionalCapacity", "namespace": "VSAN"}}], "forceProvision": null, "name": ""}]}, "createdBy": "Temporary user handle", "creationTime": {"@type": "datetime", "@value": 1490263134.763}, "description": null, "generationId": 0, "isDefault": false, "lastUpdatedBy": "Temporary user handle", "lastUpdatedTime": {"@type": "datetime", "@value": 1490263134.763}, "lineOfService": null, "name": "ProfileP3", "profileCategory": "REQUIREMENT", "profileId": {"@type": "pbm.profile.ProfileId", "uniqueId": "2ee0934c-207f-4436-a943-f763350ff897"}, "resourceType": {"@type": "pbm.profile.ResourceType", "resourceType": "STORAGE"}, "systemCreatedProfileType": null}, {"@type": "pbm.profile.CapabilityBasedProfile", "constraints": {"@type": "pbm.profile.CapabilityConstraints"}, "createdBy": "Temporary user handle", "creationTime": {"@type": "datetime", "@value": 1490225410.22}, "description": "Allow the datastore to determine the best placement strategy for storage objects", "generationId": 0, "isDefault": false, "lastUpdatedBy": "Temporary user handle", "lastUpdatedTime": {"@type": "datetime", "@value": 1490225410.22}, "lineOfService": null, "name": "VVol No Requirements Policy", "profileCategory": "REQUIREMENT", "profileId": {"@type": "pbm.profile.ProfileId", "uniqueId": "f4e5bade-15a2-4805-bf8e-52318c4ce443"}, "resourceType": {"@type": "pbm.profile.ResourceType", "resourceType": "STORAGE"}, "systemCreatedProfileType": "VVolDefaultProfile"}, {"@type": "pbm.profile.CapabilityBasedProfile", "constraints": {"@type": "pbm.profile.SubProfileCapabilityConstraints", "subProfiles": [{"@type": "pbm.profile.SubProfileCapabilityConstraints.SubProfile", "capability": [{"@type": "pbm.capability.CapabilityInstance", "constraint": [{"@type": "pbm.capability.ConstraintInstance", "propertyInstance": [{"@type": "pbm.capability.PropertyInstance", "id": "stripeWidth", "operator": null, "value": 1}]}], "id": {"@type": "pbm.capability.CapabilityMetadata.UniqueId", "id": "stripeWidth", "namespace": "VSAN"}}, {"@type": "pbm.capability.CapabilityInstance", "constraint": [{"@type": "pbm.capability.ConstraintInstance", "propertyInstance": [{"@type": "pbm.capability.PropertyInstance", "id": "hostFailuresToTolerate", "operator": null, "value": 1}]}], "id": {"@type": "pbm.capability.CapabilityMetadata.UniqueId", "id": "hostFailuresToTolerate", "namespace": "VSAN"}}, {"@type": "pbm.capability.CapabilityInstance", "constraint": [{"@type": "pbm.capability.ConstraintInstance", "propertyInstance": [{"@type": "pbm.capability.PropertyInstance", "id": "replicaPreference", "operator": null, "value": "RAID-5/6 (Erasure Coding) - Capacity"}]}], "id": {"@type": "pbm.capability.CapabilityMetadata.UniqueId", "id": "replicaPreference", "namespace": "VSAN"}}], "forceProvision": null, "name": ""}]}, "createdBy": "Temporary user handle", "creationTime": {"@type": "datetime", "@value": 1490263134.929}, "description": null, "generationId": 0, "isDefault": false, "lastUpdatedBy": "Temporary user handle", "lastUpdatedTime": {"@type": "datetime", "@value": 1490263134.929}, "lineOfService": null, "name": "ProfileP1", "profileCategory": "REQUIREMENT", "profileId": {"@type": "pbm.profile.ProfileId", "uniqueId": "796aa2cd-aad8-468b-a149-bca14e05bff7"}, "resourceType": {"@type": "pbm.profile.ResourceType", "resourceType": "STORAGE"}, "systemCreatedProfileType": null}, {"@type": "pbm.profile.CapabilityBasedProfile", "constraints": {"@type": "pbm.profile.SubProfileCapabilityConstraints", "subProfiles": [{"@type": "pbm.profile.SubProfileCapabilityConstraints.SubProfile", "capability": [{"@type": "pbm.capability.CapabilityInstance", "constraint": [{"@type": "pbm.capability.ConstraintInstance", "propertyInstance": [{"@type": "pbm.capability.PropertyInstance", "id": "ad5a249d-cbc2-43af-9366-694d7664fa52", "operator": null, "value": "ad5a249d-cbc2-43af-9366-694d7664fa52"}]}], "id": {"@type": "pbm.capability.CapabilityMetadata.UniqueId", "id": "ad5a249d-cbc2-43af-9366-694d7664fa52", "namespace": "com.vmware.storageprofile.dataservice"}}], "forceProvision": false, "name": "sp-1"}]}, "createdBy": "Temporary user handle", "creationTime": {"@type": "datetime", "@value": 1490225410.361}, "description": "Sample storage policy for VMware's VM and virtual disk encryption", "generationId": 0, "isDefault": false, "lastUpdatedBy": "Temporary user handle", "lastUpdatedTime": {"@type": "datetime", "@value": 1490225410.361}, "lineOfService": null, "name": "VM Encryption Policy", "profileCategory": "REQUIREMENT", "profileId": {"@type": "pbm.profile.ProfileId", "uniqueId": "4d5f673c-536f-11e6-beb8-9e71128cae77"}, "resourceType": {"@type": "pbm.profile.ResourceType", "resourceType": "STORAGE"}, "systemCreatedProfileType": null}, {"@type": "pbm.profile.CapabilityBasedProfile", "constraints": {"@type": "pbm.profile.SubProfileCapabilityConstraints", "subProfiles": [{"@type": "pbm.profile.SubProfileCapabilityConstraints.SubProfile", "capability": [{"@type": "pbm.capability.CapabilityInstance", "constraint": [{"@type": "pbm.capability.ConstraintInstance", "propertyInstance": [{"@type": "pbm.capability.PropertyInstance", "id": "stripeWidth", "operator": null, "value": 1}]}], "id": {"@type": "pbm.capability.CapabilityMetadata.UniqueId", "id": "stripeWidth", "namespace": "VSAN"}}, {"@type": "pbm.capability.CapabilityInstance", "constraint": [{"@type": "pbm.capability.ConstraintInstance", "propertyInstance": [{"@type": "pbm.capability.PropertyInstance", "id": "hostFailuresToTolerate", "operator": null, "value": 2}]}], "id": {"@type": "pbm.capability.CapabilityMetadata.UniqueId", "id": "hostFailuresToTolerate", "namespace": "VSAN"}}, {"@type": "pbm.capability.CapabilityInstance", "constraint": [{"@type": "pbm.capability.ConstraintInstance", "propertyInstance": [{"@type": "pbm.capability.PropertyInstance", "id": "replicaPreference", "operator": null, "value": "RAID-5/6 (Erasure Coding) - Capacity"}]}], "id": {"@type": "pbm.capability.CapabilityMetadata.UniqueId", "id": "replicaPreference", "namespace": "VSAN"}}], "forceProvision": null, "name": ""}]}, "createdBy": "Temporary user handle", "creationTime": {"@type": "datetime", "@value": 1490263134.596}, "description": null, "generationId": 0, "isDefault": false, "lastUpdatedBy": "Temporary user handle", "lastUpdatedTime": {"@type": "datetime", "@value": 1490263134.596}, "lineOfService": null, "name": "ProfileP2", "profileCategory": "REQUIREMENT", "profileId": {"@type": "pbm.profile.ProfileId", "uniqueId": "ce1bac31-1144-4ca6-a2ed-12d07f2656da"}, "resourceType": {"@type": "pbm.profile.ResourceType", "resourceType": "STORAGE"}, "systemCreatedProfileType": null}, {"@type": "pbm.profile.CapabilityBasedProfile", "constraints": {"@type": "pbm.profile.SubProfileCapabilityConstraints", "subProfiles": [{"@type": "pbm.profile.SubProfileCapabilityConstraints.SubProfile", "capability": [{"@type": "pbm.capability.CapabilityInstance", "constraint": [{"@type": "pbm.capability.ConstraintInstance", "propertyInstance": [{"@type": "pbm.capability.PropertyInstance", "id": "hostFailuresToTolerate", "operator": null, "value": 1}]}], "id": {"@type": "pbm.capability.CapabilityMetadata.UniqueId", "id": "hostFailuresToTolerate", "namespace": "VSAN"}}, {"@type": "pbm.capability.CapabilityInstance", "constraint": [{"@type": "pbm.capability.ConstraintInstance", "propertyInstance": [{"@type": "pbm.capability.PropertyInstance", "id": "stripeWidth", "operator": null, "value": 1}]}], "id": {"@type": "pbm.capability.CapabilityMetadata.UniqueId", "id": "stripeWidth", "namespace": "VSAN"}}, {"@type": "pbm.capability.CapabilityInstance", "constraint": [{"@type": "pbm.capability.ConstraintInstance", "propertyInstance": [{"@type": "pbm.capability.PropertyInstance", "id": "forceProvisioning", "operator": null, "value": false}]}], "id": {"@type": "pbm.capability.CapabilityMetadata.UniqueId", "id": "forceProvisioning", "namespace": "VSAN"}}, {"@type": "pbm.capability.CapabilityInstance", "constraint": [{"@type": "pbm.capability.ConstraintInstance", "propertyInstance": [{"@type": "pbm.capability.PropertyInstance", "id": "proportionalCapacity", "operator": null, "value": 0}]}], "id": {"@type": "pbm.capability.CapabilityMetadata.UniqueId", "id": "proportionalCapacity", "namespace": "VSAN"}}, {"@type": "pbm.capability.CapabilityInstance", "constraint": [{"@type": "pbm.capability.ConstraintInstance", "propertyInstance": [{"@type": "pbm.capability.PropertyInstance", "id": "cacheReservation", "operator": null, "value": 0}]}], "id": {"@type": "pbm.capability.CapabilityMetadata.UniqueId", "id": "cacheReservation", "namespace": "VSAN"}}], "forceProvision": null, "name": "VSAN sub-profile"}]}, "createdBy": "Temporary user handle", "creationTime": {"@type": "datetime", "@value": 1490225410.096}, "description": "Storage policy used as default for Virtual SAN datastores", "generationId": 0, "isDefault": false, "lastUpdatedBy": "Temporary user handle", "lastUpdatedTime": {"@type": "datetime", "@value": 1490225410.096}, "lineOfService": null, "name": "Virtual SAN Default Storage Policy", "profileCategory": "REQUIREMENT", "profileId": {"@type": "pbm.profile.ProfileId", "uniqueId": "aa6d5a82-1c88-45da-85d3-3d74b91a5bad"}, "resourceType": {"@type": "pbm.profile.ResourceType", "resourceType": "STORAGE"}, "systemCreatedProfileType": "VsanDefaultProfile"}, {"@type": "pbm.profile.CapabilityBasedProfile", "constraints": {"@type": "pbm.profile.SubProfileCapabilityConstraints", "subProfiles": [{"@type": "pbm.profile.SubProfileCapabilityConstraints.SubProfile", "capability": [{"@type": "pbm.capability.CapabilityInstance", "constraint": [{"@type": "pbm.capability.ConstraintInstance", "propertyInstance": [{"@type": "pbm.capability.PropertyInstance", "id": "stripeWidth", "operator": null, "value": 4}]}], "id": {"@type": "pbm.capability.CapabilityMetadata.UniqueId", "id": "stripeWidth", "namespace": "VSAN"}}, {"@type": "pbm.capability.CapabilityInstance", "constraint": [{"@type": "pbm.capability.ConstraintInstance", "propertyInstance": [{"@type": "pbm.capability.PropertyInstance", "id": "hostFailuresToTolerate", "operator": null, "value": 2}]}], "id": {"@type": "pbm.capability.CapabilityMetadata.UniqueId", "id": "hostFailuresToTolerate", "namespace": "VSAN"}}, {"@type": "pbm.capability.CapabilityInstance", "constraint": [{"@type": "pbm.capability.ConstraintInstance", "propertyInstance": [{"@type": "pbm.capability.PropertyInstance", "id": "replicaPreference", "operator": null, "value": "RAID-1 (Mirroring) - Performance"}]}], "id": {"@type": "pbm.capability.CapabilityMetadata.UniqueId", "id": "replicaPreference", "namespace": "VSAN"}}], "forceProvision": null, "name": ""}]}, "createdBy": "Temporary user handle", "creationTime": {"@type": "datetime", "@value": 1490263134.43}, "description": null, "generationId": 0, "isDefault": false, "lastUpdatedBy": "Temporary user handle", "lastUpdatedTime": {"@type": "datetime", "@value": 1490263134.43}, "lineOfService": null, "name": "BASE", "profileCategory": "REQUIREMENT", "profileId": {"@type": "pbm.profile.ProfileId", "uniqueId": "f6d928ca-a974-4e6d-959d-9e0abf9110eb"}, "resourceType": {"@type": "pbm.profile.ResourceType", "resourceType": "STORAGE"}, "systemCreatedProfileType": null}, {"@type": "pbm.profile.CapabilityBasedProfile", "constraints": {"@type": "pbm.profile.SubProfileCapabilityConstraints", "subProfiles": [{"@type": "pbm.profile.SubProfileCapabilityConstraints.SubProfile", "capability": [{"@type": "pbm.capability.CapabilityInstance", "constraint": [{"@type": "pbm.capability.ConstraintInstance", "propertyInstance": [{"@type": "pbm.capability.PropertyInstance", "id": "stripeWidth", "operator": null, "value": 1}]}], "id": {"@type": "pbm.capability.CapabilityMetadata.UniqueId", "id": "stripeWidth", "namespace": "VSAN"}}, {"@type": "pbm.capability.CapabilityInstance", "constraint": [{"@type": "pbm.capability.ConstraintInstance", "propertyInstance": [{"@type": "pbm.capability.PropertyInstance", "id": "hostFailuresToTolerate", "operator": null, "value": 1}]}], "id": {"@type": "pbm.capability.CapabilityMetadata.UniqueId", "id": "hostFailuresToTolerate", "namespace": "VSAN"}}, {"@type": "pbm.capability.CapabilityInstance", "constraint": [{"@type": "pbm.capability.ConstraintInstance", "propertyInstance": [{"@type": "pbm.capability.PropertyInstance", "id": "replicaPreference", "operator": null, "value": "RAID-5/6 (Erasure Coding) - Capacity"}]}], "id": {"@type": "pbm.capability.CapabilityMetadata.UniqueId", "id": "replicaPreference", "namespace": "VSAN"}}], "forceProvision": null, "name": ""}]}, "createdBy": "Temporary user handle", "creationTime": {"@type": "datetime", "@value": 1490263133.973}, "description": null, "generationId": 0, "isDefault": false, "lastUpdatedBy": "Temporary user handle", "lastUpdatedTime": {"@type": "datetime", "@value": 1490263133.973}, "lineOfService": null, "name": "ProfileLC2", "profileCategory": "REQUIREMENT", "profileId": {"@type": "pbm.profile.ProfileId", "uniqueId": "93cc0cf5-7ce5-46f1-a84e-9a9e11de881e"}, "resourceType": {"@type": "pbm.profile.ResourceType", "resourceType": "STORAGE"}, "systemCreatedProfileType": null}]}}, {"@type": "vmodl.DynamicProperty", "name": "cloudHealthAPIProfilingData", "val": "{\"profiler_stats\": {\"8ebac75e-5871-4c7e-9ba4-9f7dcc35a29c\": {\"daemon.collectProperties.vsan_perf_data\": [[0.13401412963867188, null]], \"vsan_perf_data_postCount\": 7, \"vsan_perf_dataLength\": 68446, \"daemon.sendCollectedData.vsan_perf_data\": [[0.18591690063476562, null]]}, \"daemon.totalTime\": [[717.5856699943542, null]], \"daemon.totalCollectandSend\": 11, \"daemon.totalQueryResults\": [[0.33889102935791016, null]], \"527f6a03-9a84-28c8-0d0c-ab5e92e1694d\": {\"cloud_health_check_dataLength\": 69440547, \"daemon.queryResults\": [[0.2804238796234131, null]], \"cloud_health_check_data_postCount\": 7, \"vsan_perf_dataLength\": 102090326, \"daemon.sendCollectedData.vsan_perf_data\": [[20.72719097137451, null]], \"daemon.collectProperties.vsan_perf_data\": [[370.5779731273651, null]], \"daemon.collectProperties.cloud_health_check_data\": [[167.343003988266, null]], \"vsan_perf_data_postCount\": 7, \"daemon.sendCollectedData.cloud_health_check_data\": [[13.372304916381836, null]]}}, \"api_stats\": {\"GetPolicyGenerationId.PbmRetrieveContent\": {\"count\": 2, \"max\": 0.395064115524292, \"worstNruns\": [0.395064115524292, 0.3747079372406006], \"avg\": 0.3848860263824463, \"min\": 0.3747079372406006}, \"encryption.GetKmsConnectionTest\": {\"count\": 7, \"max\": 0.019433021545410156, \"worstNruns\": [0.006650209426879883, 0.011301994323730469, 0.019433021545410156, 0.00710606575012207, 0.0072209835052490234], \"avg\": 0.009212596075875419, \"min\": 0.006181001663208008}, \"invoke-method:vsanSystem-58:FetchVsanSharedSecret\": {\"count\": 2, \"max\": 0.022480010986328125, \"worstNruns\": [0.013153076171875, 0.022480010986328125], \"avg\": 0.017816543579101562, \"min\": 0.013153076171875}, \"invoke-method:ha-vsan-disk-management-system:QueryDataEfficiencyCapacityState\": {\"count\": 4, \"max\": 0.028796911239624023, \"worstNruns\": [0.024379968643188477, 0.028796911239624023, 0.020888090133666992, 0.027626991271972656], \"avg\": 0.025422990322113037, \"min\": 0.020888090133666992}, \"masscollector_iscsiTargets\": {\"count\": 1, \"max\": 4.450996160507202, \"worstNruns\": [4.450996160507202], \"avg\": 4.450996160507202, \"min\": 4.450996160507202}, \"clusterGroupResult.getDiskBalanceTest\": {\"count\": 7, \"max\": 0.09076619148254395, \"worstNruns\": [0.03376293182373047, 0.09076619148254395, 0.03978300094604492, 0.03425002098083496, 0.033640146255493164], \"avg\": 0.04209205082484654, \"min\": 0.03013300895690918}, \"masscollector_vm.datastore\": {\"count\": 1, \"max\": 1.8822050094604492, \"worstNruns\": [1.8822050094604492], \"avg\": 1.8822050094604492, \"min\": 1.8822050094604492}, \"invoke-method:vsanSystem-38:FetchVsanSharedSecret\": {\"count\": 2, \"max\": 0.09443497657775879, \"worstNruns\": [0.09443497657775879, 0.024071931838989258], \"avg\": 0.05925345420837402, \"min\": 0.024071931838989258}, \"daemon.collectProperties.vsan_perf_data\": {\"count\": 2, \"max\": 370.5779731273651, \"worstNruns\": [0.13401412963867188, 370.5779731273651], \"avg\": 185.3559936285019, \"min\": 0.13401412963867188}, \"clusterGroupResult.consistentConfigTest\": {\"count\": 7, \"max\": 0.0039958953857421875, \"worstNruns\": [0.0016551017761230469, 0.0039958953857421875, 0.0033960342407226562, 0.0011899471282958984, 0.0011680126190185547], \"avg\": 0.0019451890672956193, \"min\": 0.0010881423950195312}, \"QueryVcDiskPhysicalCapacity\": {\"count\": 2, \"max\": 4.099623918533325, \"worstNruns\": [4.099623918533325, 1.5864548683166504], \"avg\": 2.843039393424988, \"min\": 1.5864548683166504}, \"clusterGroupResult._IsProactiveRebalanceDaemonRunning\": {\"count\": 7, \"max\": 0.3750770092010498, \"worstNruns\": [0.3225071430206299, 0.3750770092010498, 0.3397650718688965, 0.3606851100921631, 0.32735419273376465], \"avg\": 0.33539877619062153, \"min\": 0.30708980560302734}, \"invoke-method:vsan-object-system:QueryVsanObjectInformation\": {\"count\": 2, \"max\": 0.05863308906555176, \"worstNruns\": [0.022539138793945312, 0.05863308906555176], \"avg\": 0.040586113929748535, \"min\": 0.022539138793945312}, \"invoke-method:vsanSystem-43:FetchVsanSharedSecret\": {\"count\": 2, \"max\": 0.02291393280029297, \"worstNruns\": [0.010057926177978516, 0.02291393280029297], \"avg\": 0.016485929489135742, \"min\": 0.010057926177978516}, \"masscollector_clusterHclInfo\": {\"count\": 1, \"max\": 1.515625, \"worstNruns\": [1.515625], \"avg\": 1.515625, \"min\": 1.515625}, \"invoke-method:vsanSystem-39:FetchVsanSharedSecret\": {\"count\": 2, \"max\": 0.025259971618652344, \"worstNruns\": [0.010492086410522461, 0.025259971618652344], \"avg\": 0.017876029014587402, \"min\": 0.010492086410522461}, \"invoke-method:vsanSystem-23:FetchVsanSharedSecret\": {\"count\": 2, \"max\": 0.04027104377746582, \"worstNruns\": [0.013504981994628906, 0.04027104377746582], \"avg\": 0.026888012886047363, \"min\": 0.013504981994628906}, \"upgrade\": {\"count\": 7, \"max\": 3.0997068881988525, \"worstNruns\": [1.6230270862579346, 2.4350759983062744, 3.0997068881988525, 1.6556649208068848, 1.5522050857543945], \"avg\": 1.871607712336949, \"min\": 1.336979866027832}, \"impl.QueryVerifyClusterHealthSystemVersions\": {\"count\": 22, \"max\": 0.4480011463165283, \"worstNruns\": [0.3528602123260498, 0.34999608993530273, 0.3793511390686035, 0.3564889430999756, 0.4480011463165283], \"avg\": 0.324504093690352, \"min\": 0.2830190658569336}, \"perf._QueryNodeInformation\": {\"count\": 7, \"max\": 1.643800973892212, \"worstNruns\": [1.505378007888794, 0.3620419502258301, 0.47773194313049316, 0.3495018482208252, 1.643800973892212], \"avg\": 0.7171118259429932, \"min\": 0.3332080841064453}, \"invoke-method:vsanSystem-52:FetchVsanSharedSecret\": {\"count\": 2, \"max\": 0.023485898971557617, \"worstNruns\": [0.01632094383239746, 0.023485898971557617], \"avg\": 0.01990342140197754, \"min\": 0.01632094383239746}, \"masscollector_vsanClusterConfigInfoEx\": {\"count\": 1, \"max\": 4.146559953689575, \"worstNruns\": [4.146559953689575], \"avg\": 4.146559953689575, \"min\": 4.146559953689575}, \"invoke-method:vsanSystem-14:FetchVsanSharedSecret\": {\"count\": 2, \"max\": 0.023965835571289062, \"worstNruns\": [0.014724969863891602, 0.023965835571289062], \"avg\": 0.019345402717590332, \"min\": 0.014724969863891602}, \"GetClusterHostInfos\": {\"count\": 74, \"max\": 3.056238889694214, \"worstNruns\": [1.3116519451141357, 2.917119026184082, 3.056238889694214, 2.5384888648986816, 2.1501431465148926], \"avg\": 0.791477345131539, \"min\": 0.6397981643676758}, \"invoke-method:vsanSystem-12:FetchVsanSharedSecret\": {\"count\": 2, \"max\": 0.024755001068115234, \"worstNruns\": [0.014670133590698242, 0.024755001068115234], \"avg\": 0.01971256732940674, \"min\": 0.014670133590698242}, \"invoke-method:ha-vsan-health-system:GetHclInfo\": {\"count\": 504, \"max\": 0.8178629875183105, \"worstNruns\": [0.7870151996612549, 0.801400899887085, 0.7915530204772949, 0.8178629875183105, 0.7805891036987305], \"avg\": 0.569914274272465, \"min\": 0.2770810127258301}, \"invoke-method:vsanSystem-63:FetchVsanSharedSecret\": {\"count\": 2, \"max\": 0.12626194953918457, \"worstNruns\": [0.12626194953918457, 0.11860990524291992], \"avg\": 0.12243592739105225, \"min\": 0.11860990524291992}, \"masscollector_datastore\": {\"count\": 3, \"max\": 0.04669809341430664, \"worstNruns\": [0.04669809341430664, 0.002907991409301758, 0.002892017364501953], \"avg\": 0.017499367396036785, \"min\": 0.002892017364501953}, \"impl.CheckClusterClomdLiveness\": {\"count\": 7, \"max\": 0.3659038543701172, \"worstNruns\": [0.3365800380706787, 0.33317995071411133, 0.3659038543701172, 0.32740306854248047, 0.3122739791870117], \"avg\": 0.32167983055114746, \"min\": 0.2775750160217285}, \"MergeNonVmObjects\": {\"count\": 2, \"max\": 0.010894060134887695, \"worstNruns\": [0.010894060134887695, 0.010705947875976562], \"avg\": 0.010800004005432129, \"min\": 0.010705947875976562}, \"impl.getClusterStatus\": {\"count\": 8, \"max\": 0.35767698287963867, \"worstNruns\": [0.3092639446258545, 0.34842514991760254, 0.3170738220214844, 0.32852721214294434, 0.35767698287963867], \"avg\": 0.3185441195964813, \"min\": 0.2870748043060303}, \"invoke-method:vsanSystem-26:FetchVsanSharedSecret\": {\"count\": 2, \"max\": 0.031651973724365234, \"worstNruns\": [0.012012004852294922, 0.031651973724365234], \"avg\": 0.021831989288330078, \"min\": 0.012012004852294922}, \"daemon.queryResults\": {\"count\": 1, \"max\": 0.2804238796234131, \"worstNruns\": [0.2804238796234131], \"avg\": 0.2804238796234131, \"min\": 0.2804238796234131}, \"GetClusterHostInfos.CollectMultiple_host\": {\"count\": 92, \"max\": 1.0601658821105957, \"worstNruns\": [0.029313087463378906, 1.0601658821105957, 0.023222923278808594, 0.026881933212280273, 0.049884796142578125], \"avg\": 0.018845630728680157, \"min\": 0.0047910213470458984}, \"masscollector_licenseInformation\": {\"count\": 1, \"max\": 0.0026900768280029297, \"worstNruns\": [0.0026900768280029297], \"avg\": 0.0026900768280029297, \"min\": 0.0026900768280029297}, \"vcchs._getVsanConfigCheckResult\": {\"count\": 7, \"max\": 2.000998020172119, \"worstNruns\": [1.6541318893432617, 1.6508078575134277, 1.6483840942382812, 2.000998020172119, 1.6746430397033691], \"avg\": 1.6875088214874268, \"min\": 1.5838959217071533}, \"vcchs._getNetworkConfigBestPracticeHealth\": {\"count\": 7, \"max\": 8.545800924301147, \"worstNruns\": [1.6674530506134033, 8.545800924301147, 2.9129629135131836, 3.0502889156341553, 1.915776014328003], \"avg\": 3.054302522114345, \"min\": 1.6352100372314453}, \"masscollector_iscsiTargetServiceProcessesStatus\": {\"count\": 1, \"max\": 0.056700944900512695, \"worstNruns\": [0.056700944900512695], \"avg\": 0.056700944900512695, \"min\": 0.056700944900512695}, \"invoke-method:vsanSystem-19:FetchVsanSharedSecret\": {\"count\": 2, \"max\": 0.02335810661315918, \"worstNruns\": [0.018478870391845703, 0.02335810661315918], \"avg\": 0.02091848850250244, \"min\": 0.018478870391845703}, \"invoke-method:vsanSystem-70:FetchVsanSharedSecret\": {\"count\": 2, \"max\": 0.02368021011352539, \"worstNruns\": [0.01172018051147461, 0.02368021011352539], \"avg\": 0.0177001953125, \"min\": 0.01172018051147461}, \"masscollector_host.name\": {\"count\": 1, \"max\": 0.013293981552124023, \"worstNruns\": [0.013293981552124023], \"avg\": 0.013293981552124023, \"min\": 0.013293981552124023}, \"invoke-accessor:ServiceInstance:content\": {\"count\": 1152, \"max\": 0.3137359619140625, \"worstNruns\": [0.03308415412902832, 0.03254199028015137, 0.3137359619140625, 0.03343486785888672, 0.05229902267456055], \"avg\": 0.007162732382615407, \"min\": 0.003253936767578125}, \"invoke-method:vsanSystem-56:FetchVsanSharedSecret\": {\"count\": 2, \"max\": 0.026167869567871094, \"worstNruns\": [0.010139942169189453, 0.026167869567871094], \"avg\": 0.018153905868530273, \"min\": 0.010139942169189453}, \"invoke-accessor:domain-c7:name\": {\"count\": 13, \"max\": 0.010850191116333008, \"worstNruns\": [0.0026390552520751953, 0.0024399757385253906, 0.002505064010620117, 0.00471186637878418, 0.010850191116333008], \"avg\": 0.0029863944420447717, \"min\": 0.0016851425170898438}, \"vcchs._getGenericClusterBestPracticeHealth\": {\"count\": 7, \"max\": 8.296966552734375e-05, \"worstNruns\": [8.20159912109375e-05, 8.20159912109375e-05, 8.106231689453125e-05, 8.296966552734375e-05, 7.390975952148438e-05], \"avg\": 7.809911455426897e-05, \"min\": 7.081031799316406e-05}, \"invoke-accessor:domain-c7:configurationEx\": {\"count\": 45, \"max\": 9.965638875961304, \"worstNruns\": [3.922538995742798, 5.346307039260864, 4.090651988983154, 9.965638875961304, 5.265662908554077], \"avg\": 2.0722182591756186, \"min\": 1.0395910739898682}, \"impl._QueryVsanObjectInformation\": {\"count\": 2, \"max\": 1.1771550178527832, \"worstNruns\": [1.1771550178527832, 1.1695549488067627], \"avg\": 1.173354983329773, \"min\": 1.1695549488067627}, \"vvscs.RetrieveClusterCapability.GetHostInfos\": {\"count\": 2, \"max\": 1.6605689525604248, \"worstNruns\": [1.6605689525604248, 1.2459790706634521], \"avg\": 1.4532740116119385, \"min\": 1.2459790706634521}, \"invoke-method:domain-c7:RetrieveCustomValues\": {\"count\": 135, \"max\": 0.09409403800964355, \"worstNruns\": [0.020692110061645508, 0.09409403800964355, 0.03656792640686035, 0.07556796073913574, 0.04673290252685547], \"avg\": 0.0050843980577256935, \"min\": 0.0017161369323730469}, \"invoke-method:vsanSystem-16:FetchVsanSharedSecret\": {\"count\": 2, \"max\": 0.023020029067993164, \"worstNruns\": [0.012928962707519531, 0.023020029067993164], \"avg\": 0.017974495887756348, \"min\": 0.012928962707519531}, \"invoke-method:vsanSystem-37:FetchVsanSharedSecret\": {\"count\": 2, \"max\": 0.023724079132080078, \"worstNruns\": [0.012453794479370117, 0.023724079132080078], \"avg\": 0.018088936805725098, \"min\": 0.012453794479370117}, \"daemon.totalTime\": {\"count\": 1, \"max\": 717.5856699943542, \"worstNruns\": [717.5856699943542], \"avg\": 717.5856699943542, \"min\": 717.5856699943542}, \"invoke-method:vsan-performance-manager:QueryNodeInformation\": {\"count\": 441, \"max\": 1.4012751579284668, \"worstNruns\": [1.332839012145996, 1.4012751579284668, 1.332685947418213, 1.3971869945526123, 1.3268120288848877], \"avg\": 0.42649067610569824, \"min\": 0.017334938049316406}, \"invoke-method:vsanSystem-41:FetchVsanSharedSecret\": {\"count\": 2, \"max\": 0.023765087127685547, \"worstNruns\": [0.01104593276977539, 0.023765087127685547], \"avg\": 0.01740550994873047, \"min\": 0.01104593276977539}, \"GetClusterHostInfos.CollectMultiple_vsanSysConfig\": {\"count\": 92, \"max\": 1.5201749801635742, \"worstNruns\": [0.2853419780731201, 0.1879138946533203, 1.5201749801635742, 0.14571881294250488, 0.17389297485351562], \"avg\": 0.07780609960141385, \"min\": 0.04782295227050781}, \"invoke-accessor:domain-c7:host\": {\"count\": 7, \"max\": 0.015047073364257812, \"worstNruns\": [0.006771087646484375, 0.015047073364257812, 0.011985063552856445, 0.004970073699951172, 0.013764142990112305], \"avg\": 0.008791037968226842, \"min\": 0.004156827926635742}, \"masscollector_clusterDataEfficiencyCapacity\": {\"count\": 1, \"max\": 0.13776302337646484, \"worstNruns\": [0.13776302337646484], \"avg\": 0.13776302337646484, \"min\": 0.13776302337646484}, \"invoke-method:vsan-iscsi-target-system:GetIscsiTargetServiceConfig\": {\"count\": 1, \"max\": 0.10657191276550293, \"worstNruns\": [0.10657191276550293], \"avg\": 0.10657191276550293, \"min\": 0.10657191276550293}, \"masscollector_configManager.networkSystem.networkInfo.pnic\": {\"count\": 1, \"max\": 4.576184034347534, \"worstNruns\": [4.576184034347534], \"avg\": 4.576184034347534, \"min\": 4.576184034347534}, \"impl._QueryStatsObjectInformation\": {\"count\": 1, \"max\": 0.10340213775634766, \"worstNruns\": [0.10340213775634766], \"avg\": 0.10340213775634766, \"min\": 0.10340213775634766}, \"daemon.sendCollectedData.cloud_health_check_data\": {\"count\": 1, \"max\": 13.372304916381836, \"worstNruns\": [13.372304916381836], \"avg\": 13.372304916381836, \"min\": 13.372304916381836}, \"masscollector_witnessHosts\": {\"count\": 1, \"max\": 0.014065027236938477, \"worstNruns\": [0.014065027236938477], \"avg\": 0.014065027236938477, \"min\": 0.014065027236938477}, \"masscollector_iscsiHomeObject\": {\"count\": 1, \"max\": 1.886275053024292, \"worstNruns\": [1.886275053024292], \"avg\": 1.886275053024292, \"min\": 1.886275053024292}, \"generateGroupResult.networkGroupResult\": {\"count\": 7, \"max\": 3.6613430976867676, \"worstNruns\": [0.9767181873321533, 0.989429235458374, 3.6613430976867676, 1.2559890747070312, 1.24570894241333], \"avg\": 1.4336815220969064, \"min\": 0.949397087097168}, \"masscollector_configManager.networkSystem\": {\"count\": 1, \"max\": 0.8083782196044922, \"worstNruns\": [0.8083782196044922], \"avg\": 0.8083782196044922, \"min\": 0.8083782196044922}, \"invoke-method:vsanSystem-22:FetchVsanSharedSecret\": {\"count\": 2, \"max\": 0.022958040237426758, \"worstNruns\": [0.013547897338867188, 0.022958040237426758], \"avg\": 0.018252968788146973, \"min\": 0.013547897338867188}, \"daemon.totalQueryResults\": {\"count\": 1, \"max\": 0.33889102935791016, \"worstNruns\": [0.33889102935791016], \"avg\": 0.33889102935791016, \"min\": 0.33889102935791016}, \"vcchs._addHealthSummaryToCache\": {\"count\": 7, \"max\": 40.37101101875305, \"worstNruns\": [7.1651771068573, 7.70514702796936, 7.4328179359436035, 2.681344985961914, 40.37101101875305], \"avg\": 10.091739586421422, \"min\": 2.6199920177459717}, \"invoke-method:ha-phonehome-host-system:VsanCloudHealthHostProfilingData\": {\"count\": 63, \"max\": 1.092283010482788, \"worstNruns\": [1.092283010482788, 1.071930170059204, 1.0700180530548096, 1.0802900791168213, 1.0665910243988037], \"avg\": 0.9038942806304447, \"min\": 0.554746150970459}, \"QueryPerfIscsiObjectSpaceUsage\": {\"count\": 2, \"max\": 6.466686010360718, \"worstNruns\": [6.466686010360718, 6.002338886260986], \"avg\": 6.234512448310852, \"min\": 6.002338886260986}, \"invoke-method:vsanSystem-67:FetchVsanSharedSecret\": {\"count\": 2, \"max\": 0.025494098663330078, \"worstNruns\": [0.012736082077026367, 0.025494098663330078], \"avg\": 0.019115090370178223, \"min\": 0.012736082077026367}, \"CollectClusterConfigurationEx\": {\"count\": 8, \"max\": 2.7100331783294678, \"worstNruns\": [2.7100331783294678, 1.8559439182281494, 2.425304889678955, 1.1264519691467285, 1.141814947128296], \"avg\": 1.5725643336772919, \"min\": 1.0950260162353516}, \"daemon.collectProperties.cloud_health_check_data\": {\"count\": 1, \"max\": 167.343003988266, \"worstNruns\": [167.343003988266], \"avg\": 167.343003988266, \"min\": 167.343003988266}, \"generateGroupResult.encryptionGroupResult\": {\"count\": 7, \"max\": 10.007468938827515, \"worstNruns\": [1.423008918762207, 10.007468938827515, 3.491481065750122, 1.3973610401153564, 1.513495922088623], \"avg\": 2.862637383597238, \"min\": 1.078617811203003}, \"invoke-method:vsanSystem-18:FetchVsanSharedSecret\": {\"count\": 2, \"max\": 0.0263669490814209, \"worstNruns\": [0.0263669490814209, 0.021511077880859375], \"avg\": 0.023939013481140137, \"min\": 0.021511077880859375}, \"impl.QueryPhysicalDiskHealthSummary\": {\"count\": 8, \"max\": 5.135631084442139, \"worstNruns\": [2.3310599327087402, 2.492755174636841, 2.47365403175354, 5.135631084442139, 2.4852027893066406], \"avg\": 2.715676784515381, \"min\": 2.194387912750244}, \"invoke-method:vsanSystem-49:FetchVsanSharedSecret\": {\"count\": 2, \"max\": 0.023746013641357422, \"worstNruns\": [0.015074968338012695, 0.023746013641357422], \"avg\": 0.01941049098968506, \"min\": 0.015074968338012695}, \"invoke-method:vsanSystem-28:FetchVsanSharedSecret\": {\"count\": 2, \"max\": 0.031219959259033203, \"worstNruns\": [0.012549161911010742, 0.031219959259033203], \"avg\": 0.021884560585021973, \"min\": 0.012549161911010742}, \"impl.GetClusterHclInfo\": {\"count\": 8, \"max\": 3.3388280868530273, \"worstNruns\": [0.9673550128936768, 1.009728193283081, 1.1204309463500977, 3.3388280868530273, 1.0199949741363525], \"avg\": 1.2709771692752838, \"min\": 0.8527870178222656}, \"masscollector_configManager.vsanSystem\": {\"count\": 1, \"max\": 0.24523711204528809, \"worstNruns\": [0.24523711204528809], \"avg\": 0.24523711204528809, \"min\": 0.24523711204528809}, \"invoke-method:vsanSystem-21:FetchVsanSharedSecret\": {\"count\": 2, \"max\": 0.021869897842407227, \"worstNruns\": [0.016563892364501953, 0.021869897842407227], \"avg\": 0.01921689510345459, \"min\": 0.016563892364501953}, \"invoke-method:vsanSystem-53:FetchVsanSharedSecret\": {\"count\": 2, \"max\": 0.03453993797302246, \"worstNruns\": [0.011562824249267578, 0.03453993797302246], \"avg\": 0.02305138111114502, \"min\": 0.011562824249267578}, \"masscollector_configManager.vsanSystem.config.storageInfo.diskMapping\": {\"count\": 1, \"max\": 1.5671868324279785, \"worstNruns\": [1.5671868324279785], \"avg\": 1.5671868324279785, \"min\": 1.5671868324279785}, \"VsanVcObjectHelper.isMismatch\": {\"count\": 32, \"max\": 0.11479902267456055, \"worstNruns\": [0.11106610298156738, 0.10941481590270996, 0.11479902267456055, 0.10840892791748047, 0.10996603965759277], \"avg\": 0.08065437525510788, \"min\": 0.041674137115478516}, \"masscollector_hardware.systemInfo\": {\"count\": 1, \"max\": 8.16471815109253, \"worstNruns\": [8.16471815109253], \"avg\": 8.16471815109253, \"min\": 8.16471815109253}, \"invoke-method:vsanSystem-60:FetchVsanSharedSecret\": {\"count\": 2, \"max\": 0.02533698081970215, \"worstNruns\": [0.010254144668579102, 0.02533698081970215], \"avg\": 0.017795562744140625, \"min\": 0.010254144668579102}, \"GetIscsiLUNs\": {\"count\": 1, \"max\": 1.2141268253326416, \"worstNruns\": [1.2141268253326416], \"avg\": 1.2141268253326416, \"min\": 1.2141268253326416}, \"masscollector_configManager.virtualNicManager\": {\"count\": 1, \"max\": 0.6050879955291748, \"worstNruns\": [0.6050879955291748], \"avg\": 0.6050879955291748, \"min\": 0.6050879955291748}, \"invoke-method:vsan-performance-manager:QueryStatsObjectInformation\": {\"count\": 32, \"max\": 0.0638740062713623, \"worstNruns\": [0.0514070987701416, 0.04494881629943848, 0.04529094696044922, 0.047541141510009766, 0.0638740062713623], \"avg\": 0.034858353435993195, \"min\": 0.020251035690307617}, \"invoke-method:vsanSystem-68:FetchVsanSharedSecret\": {\"count\": 2, \"max\": 0.022218942642211914, \"worstNruns\": [0.009588956832885742, 0.022218942642211914], \"avg\": 0.015903949737548828, \"min\": 0.009588956832885742}, \"invoke-method:vsan-performance-manager:QueryVsanPerf\": {\"count\": 108, \"max\": 14.82409381866455, \"worstNruns\": [7.827260971069336, 14.522477149963379, 14.82409381866455, 7.853493928909302, 7.621978044509888], \"avg\": 1.1046495790834776, \"min\": 0.016007184982299805}, \"masscollector_encryptionHealthSummary\": {\"count\": 1, \"max\": 12.266633033752441, \"worstNruns\": [12.266633033752441], \"avg\": 12.266633033752441, \"min\": 12.266633033752441}, \"invoke-method:vsanSystem-17:FetchVsanSharedSecret\": {\"count\": 2, \"max\": 0.04008197784423828, \"worstNruns\": [0.015940189361572266, 0.04008197784423828], \"avg\": 0.028011083602905273, \"min\": 0.015940189361572266}, \"invoke-method:vsanSystem-24:FetchVsanSharedSecret\": {\"count\": 2, \"max\": 0.03365302085876465, \"worstNruns\": [0.010228157043457031, 0.03365302085876465], \"avg\": 0.02194058895111084, \"min\": 0.010228157043457031}, \"impl.QueryVerifyClusterNetworkSettings\": {\"count\": 8, \"max\": 11.797181129455566, \"worstNruns\": [11.629470825195312, 11.797181129455566, 11.27098798751831, 10.896310091018677, 10.776480197906494], \"avg\": 10.979903012514114, \"min\": 10.316483974456787}, \"impl.QueryObjectHealthSummary\": {\"count\": 7, \"max\": 3.8273580074310303, \"worstNruns\": [3.546844005584717, 3.8273580074310303, 3.5755960941314697, 3.527911901473999, 3.5052709579467773], \"avg\": 3.55970413344247, \"min\": 3.447471857070923}, \"invoke-method:vsanSystem-33:FetchVsanSharedSecret\": {\"count\": 2, \"max\": 0.024209976196289062, \"worstNruns\": [0.009058952331542969, 0.024209976196289062], \"avg\": 0.016634464263916016, \"min\": 0.009058952331542969}, \"masscollector_configManager.storageSystem.storageDeviceInfo\": {\"count\": 1, \"max\": 11.684077024459839, \"worstNruns\": [11.684077024459839], \"avg\": 11.684077024459839, \"min\": 11.684077024459839}, \"invoke-method:ha-vsan-health-system:QueryVerifyNetworkSettings\": {\"count\": 504, \"max\": 8.789628028869629, \"worstNruns\": [8.6282799243927, 8.616838932037354, 8.789628028869629, 8.726969003677368, 8.566275119781494], \"avg\": 7.486705208581592, \"min\": 5.408430099487305}, \"CheckPrivilegesByVHS\": {\"count\": 3, \"max\": 0.05628013610839844, \"worstNruns\": [0.03421282768249512, 0.03349709510803223, 0.05628013610839844], \"avg\": 0.04133001963297526, \"min\": 0.03349709510803223}, \"invoke-method:ha-vsan-health-system:QueryVersion\": {\"count\": 1386, \"max\": 0.31371402740478516, \"worstNruns\": [0.25998497009277344, 0.30338096618652344, 0.2695181369781494, 0.2613101005554199, 0.31371402740478516], \"avg\": 0.1373782562143016, \"min\": 0.017277956008911133}, \"invoke-method:ha-vsan-health-system:GetProactiveRebalanceInfo\": {\"count\": 441, \"max\": 0.2689499855041504, \"worstNruns\": [0.25035810470581055, 0.2517709732055664, 0.2689499855041504, 0.25335097312927246, 0.2523670196533203], \"avg\": 0.14445132787535778, \"min\": 0.02258586883544922}, \"GetClusterHostInfos.CollectMultiple_hostConfig\": {\"count\": 92, \"max\": 2.228027105331421, \"worstNruns\": [0.8954129219055176, 2.228027105331421, 1.033046007156372, 0.9853429794311523, 0.8887910842895508], \"avg\": 0.6076313257217406, \"min\": 0.5322620868682861}, \"invoke-method:vsanSystem-47:FetchVsanSharedSecret\": {\"count\": 2, \"max\": 0.023303985595703125, \"worstNruns\": [0.012656211853027344, 0.023303985595703125], \"avg\": 0.017980098724365234, \"min\": 0.012656211853027344}, \"masscollector_datastore.vm\": {\"count\": 1, \"max\": 0.2717158794403076, \"worstNruns\": [0.2717158794403076], \"avg\": 0.2717158794403076, \"min\": 0.2717158794403076}, \"invoke-accessor:domain-c7:datastore\": {\"count\": 4, \"max\": 0.02270793914794922, \"worstNruns\": [0.02270793914794922, 0.0022950172424316406, 0.002666950225830078, 0.0050199031829833984], \"avg\": 0.008172452449798584, \"min\": 0.0022950172424316406}, \"invoke-method:vsan-object-system:QueryObjectIdentities\": {\"count\": 252, \"max\": 39.26654410362244, \"worstNruns\": [36.30420398712158, 35.915990114212036, 39.26654410362244, 36.45880103111267, 35.86991500854492], \"avg\": 9.031335340605843, \"min\": 1.455152988433838}, \"invoke-method:vsanSystem-51:FetchVsanSharedSecret\": {\"count\": 2, \"max\": 0.030202150344848633, \"worstNruns\": [0.012872934341430664, 0.030202150344848633], \"avg\": 0.02153754234313965, \"min\": 0.012872934341430664}, \"clusterGroupResult.resyncLimitTest\": {\"count\": 7, \"max\": 0.36547398567199707, \"worstNruns\": [0.33688807487487793, 0.36547398567199707, 0.3478579521179199, 0.31513404846191406, 0.32325220108032227], \"avg\": 0.33026245662144255, \"min\": 0.30855894088745117}, \"invoke-method:vsanSystem-9:FetchVsanSharedSecret\": {\"count\": 2, \"max\": 0.02268695831298828, \"worstNruns\": [0.012353897094726562, 0.02268695831298828], \"avg\": 0.017520427703857422, \"min\": 0.012353897094726562}, \"masscollector_configManager.virtualNicManager.info.netConfig.nicType\": {\"count\": 1, \"max\": 4.19272518157959, \"worstNruns\": [4.19272518157959], \"avg\": 4.19272518157959, \"min\": 4.19272518157959}, \"perf._QueryStatsObjectInformation\": {\"count\": 7, \"max\": 0.1728219985961914, \"worstNruns\": [0.13599205017089844, 0.14823007583618164, 0.1728219985961914, 0.140794038772583, 0.1583240032196045], \"avg\": 0.1422687258039202, \"min\": 0.11495399475097656}, \"invoke-method:vsanSystem-40:FetchVsanSharedSecret\": {\"count\": 2, \"max\": 0.1099860668182373, \"worstNruns\": [0.1099860668182373, 0.021932125091552734], \"avg\": 0.06595909595489502, \"min\": 0.021932125091552734}, \"masscollector_vm.datastore.info.vmfs.extent\": {\"count\": 1, \"max\": 34.70017600059509, \"worstNruns\": [34.70017600059509], \"avg\": 34.70017600059509, \"min\": 34.70017600059509}, \"GetClusterHostInfos.GetHostHealthSystem\": {\"count\": 5796, \"max\": 0.0026459693908691406, \"worstNruns\": [0.0008101463317871094, 0.0008170604705810547, 0.0026459693908691406, 0.0015850067138671875, 0.0012989044189453125], \"avg\": 1.0657919284143986e-05, \"min\": 5.9604644775390625e-06}, \"invoke-method:vsanSystem-10:FetchVsanSharedSecret\": {\"count\": 2, \"max\": 0.028399944305419922, \"worstNruns\": [0.013453960418701172, 0.028399944305419922], \"avg\": 0.020926952362060547, \"min\": 0.013453960418701172}, \"invoke-method:vsanSystem-66:FetchVsanSharedSecret\": {\"count\": 2, \"max\": 0.026085853576660156, \"worstNruns\": [0.022317171096801758, 0.026085853576660156], \"avg\": 0.024201512336730957, \"min\": 0.022317171096801758}, \"GetPolicyGenerationId.ConnectToSPBM\": {\"count\": 2, \"max\": 0.0008230209350585938, \"worstNruns\": [0.0008230209350585938, 0.0007479190826416016], \"avg\": 0.0007854700088500977, \"min\": 0.0007479190826416016}, \"QuerySpaceUsageDetail\": {\"count\": 2, \"max\": 24.581624031066895, \"worstNruns\": [24.581624031066895, 18.87465786933899], \"avg\": 21.728140950202942, \"min\": 18.87465786933899}, \"invoke-method:vsanSystem-15:FetchVsanSharedSecret\": {\"count\": 2, \"max\": 0.02425408363342285, \"worstNruns\": [0.010121822357177734, 0.02425408363342285], \"avg\": 0.017187952995300293, \"min\": 0.010121822357177734}, \"impl.CollectMultiple1\": {\"count\": 4, \"max\": 10.24450397491455, \"worstNruns\": [10.24450397491455, 6.329399824142456, 2.0851380825042725, 4.7802019119262695], \"avg\": 5.859810948371887, \"min\": 2.0851380825042725}, \"masscollector_vsanPerf\": {\"count\": 1, \"max\": 157.22120785713196, \"worstNruns\": [157.22120785713196], \"avg\": 157.22120785713196, \"min\": 157.22120785713196}, \"invoke-method:vsanSystem-29:FetchVsanSharedSecret\": {\"count\": 2, \"max\": 0.022537946701049805, \"worstNruns\": [0.011188983917236328, 0.022537946701049805], \"avg\": 0.016863465309143066, \"min\": 0.011188983917236328}, \"invoke-method:vsanSystem-48:FetchVsanSharedSecret\": {\"count\": 2, \"max\": 0.025016069412231445, \"worstNruns\": [0.019152164459228516, 0.025016069412231445], \"avg\": 0.02208411693572998, \"min\": 0.019152164459228516}, \"invoke-method:vsanSystem-11:FetchVsanSharedSecret\": {\"count\": 2, \"max\": 0.024564027786254883, \"worstNruns\": [0.011638879776000977, 0.024564027786254883], \"avg\": 0.01810145378112793, \"min\": 0.011638879776000977}, \"invoke-method:ServiceInstance:CurrentTime\": {\"count\": 72, \"max\": 0.023029088973999023, \"worstNruns\": [0.009009122848510742, 0.021322965621948242, 0.017660856246948242, 0.023029088973999023, 0.014190196990966797], \"avg\": 0.0035665929317474365, \"min\": 0.0015459060668945312}, \"invoke-method:vsanSystem-35:FetchVsanSharedSecret\": {\"count\": 2, \"max\": 0.0817251205444336, \"worstNruns\": [0.0817251205444336, 0.02271890640258789], \"avg\": 0.05222201347351074, \"min\": 0.02271890640258789}, \"generateGroupResult.dataGroupResult\": {\"count\": 7, \"max\": 0.009001016616821289, \"worstNruns\": [0.002293109893798828, 0.0023810863494873047, 0.009001016616821289, 0.0023970603942871094, 0.0028579235076904297], \"avg\": 0.0032910278865269254, \"min\": 0.0018379688262939453}, \"daemon.sendCollectedData.vsan_perf_data\": {\"count\": 2, \"max\": 20.72719097137451, \"worstNruns\": [0.18591690063476562, 20.72719097137451], \"avg\": 10.456553936004639, \"min\": 0.18591690063476562}, \"vsan_iscsi_service\": {\"count\": 7, \"max\": 3.1169769763946533, \"worstNruns\": [1.1279501914978027, 2.5631909370422363, 3.1169769763946533, 1.102146863937378, 1.0859699249267578], \"avg\": 1.590909685407366, \"min\": 1.058892011642456}, \"ConnectToHostObjectSystem\": {\"count\": 128, \"max\": 0.060304880142211914, \"worstNruns\": [0.02277207374572754, 0.05361795425415039, 0.032582998275756836, 0.060304880142211914, 0.0228271484375], \"avg\": 0.002534672617912292, \"min\": 2.002716064453125e-05}, \"generateGroupResult.hclGroupResult\": {\"count\": 7, \"max\": 0.058969974517822266, \"worstNruns\": [0.026352882385253906, 0.058969974517822266, 0.05480599403381348, 0.02961587905883789, 0.026412010192871094], \"avg\": 0.03533853803362165, \"min\": 0.025593996047973633}, \"masscollector_statsObjectInformation\": {\"count\": 1, \"max\": 0.7668941020965576, \"worstNruns\": [0.7668941020965576], \"avg\": 0.7668941020965576, \"min\": 0.7668941020965576}, \"invoke-method:ha-vsan-health-system:RefreshVsanHealthGenerationId\": {\"count\": 315, \"max\": 0.26134181022644043, \"worstNruns\": [0.2606639862060547, 0.25961995124816895, 0.26134181022644043, 0.2560420036315918, 0.2561380863189697], \"avg\": 0.14239003847515777, \"min\": 0.033818960189819336}, \"invoke-method:vsanSystem-32:FetchVsanSharedSecret\": {\"count\": 2, \"max\": 0.021893024444580078, \"worstNruns\": [0.014109134674072266, 0.021893024444580078], \"avg\": 0.018001079559326172, \"min\": 0.014109134674072266}, \"masscollector_clusterHostsProfilingData\": {\"count\": 1, \"max\": 5.932902097702026, \"worstNruns\": [5.932902097702026], \"avg\": 5.932902097702026, \"min\": 5.932902097702026}, \"masscollector_allFlashCapabilities\": {\"count\": 1, \"max\": 0.7348239421844482, \"worstNruns\": [0.7348239421844482], \"avg\": 0.7348239421844482, \"min\": 0.7348239421844482}, \"invoke-method:vsanSystem-42:FetchVsanSharedSecret\": {\"count\": 2, \"max\": 0.08234405517578125, \"worstNruns\": [0.07798194885253906, 0.08234405517578125], \"avg\": 0.08016300201416016, \"min\": 0.07798194885253906}, \"masscollector_preferredFaultDomain\": {\"count\": 1, \"max\": 0.14875197410583496, \"worstNruns\": [0.14875197410583496], \"avg\": 0.14875197410583496, \"min\": 0.14875197410583496}, \"perf\": {\"count\": 7, \"max\": 1.807776927947998, \"worstNruns\": [1.6503911018371582, 0.4973320960998535, 0.6764559745788574, 0.4948740005493164, 1.807776927947998], \"avg\": 0.8691921234130859, \"min\": 0.4696328639984131}, \"invoke-method:vsanSystem-44:FetchVsanSharedSecret\": {\"count\": 2, \"max\": 0.02985095977783203, \"worstNruns\": [0.009462833404541016, 0.02985095977783203], \"avg\": 0.019656896591186523, \"min\": 0.009462833404541016}, \"invoke-method:vsanSystem-64:FetchVsanSharedSecret\": {\"count\": 2, \"max\": 0.07626891136169434, \"worstNruns\": [0.07626891136169434, 0.07079815864562988], \"avg\": 0.07353353500366211, \"min\": 0.07079815864562988}, \"masscollector_iscsiTargetServiceConfig\": {\"count\": 1, \"max\": 0.7937531471252441, \"worstNruns\": [0.7937531471252441], \"avg\": 0.7937531471252441, \"min\": 0.7937531471252441}, \"ConnectToHostPerfManager\": {\"count\": 581, \"max\": 0.18780994415283203, \"worstNruns\": [0.17369508743286133, 0.16045308113098145, 0.18780994415283203, 0.18152809143066406, 0.16200995445251465], \"avg\": 0.004766842994755599, \"min\": 1.9073486328125e-05}, \"GetConfigInfoEx\": {\"count\": 13, \"max\": 3.7410519123077393, \"worstNruns\": [1.8728830814361572, 2.5627620220184326, 3.7410519123077393, 3.1132640838623047, 2.769973039627075], \"avg\": 1.7815213937025804, \"min\": 1.0582878589630127}, \"masscollector_clusterTasks\": {\"count\": 1, \"max\": 0.009594917297363281, \"worstNruns\": [0.009594917297363281], \"avg\": 0.009594917297363281, \"min\": 0.009594917297363281}, \"masscollector_iscsiTargetServiceVersion\": {\"count\": 1, \"max\": 0.034972190856933594, \"worstNruns\": [0.034972190856933594], \"avg\": 0.034972190856933594, \"min\": 0.034972190856933594}, \"masscollector_hardware.cpuPkg\": {\"count\": 1, \"max\": 21.47460699081421, \"worstNruns\": [21.47460699081421], \"avg\": 21.47460699081421, \"min\": 21.47460699081421}, \"masscollector_pbmProfiles\": {\"count\": 1, \"max\": 0.08983397483825684, \"worstNruns\": [0.08983397483825684], \"avg\": 0.08983397483825684, \"min\": 0.08983397483825684}, \"vcchs.GenerateHealthGroupResult\": {\"count\": 7, \"max\": 24.412107944488525, \"worstNruns\": [8.774543046951294, 24.412107944488525, 17.767672061920166, 8.523463010787964, 9.857053995132446], \"avg\": 12.219929150172643, \"min\": 8.10056209564209}, \"MergeVmObjects\": {\"count\": 2, \"max\": 0.07756304740905762, \"worstNruns\": [0.07756304740905762, 0.0731511116027832], \"avg\": 0.07535707950592041, \"min\": 0.0731511116027832}, \"checkPrivileges\": {\"count\": 213, \"max\": 1.8675880432128906, \"worstNruns\": [1.667484998703003, 1.71787691116333, 1.5708718299865723, 1.8675880432128906, 1.6812748908996582], \"avg\": 0.1847522493819116, \"min\": 0.011564016342163086}, \"masscollector_configurationEx.vsanConfigInfo.defaultConfig.uuid\": {\"count\": 1, \"max\": 1.124891996383667, \"worstNruns\": [1.124891996383667], \"avg\": 1.124891996383667, \"min\": 1.124891996383667}, \"GetClusterHostInfos.getWitnessHost\": {\"count\": 88, \"max\": 3.6253888607025146, \"worstNruns\": [0.062185049057006836, 0.07282900810241699, 1.8615789413452148, 3.6253888607025146, 0.5020639896392822], \"avg\": 0.08422758091579782, \"min\": 0.012881994247436523}, \"invoke-method:vsanSystem-55:FetchVsanSharedSecret\": {\"count\": 2, \"max\": 0.02221393585205078, \"worstNruns\": [0.00974893569946289, 0.02221393585205078], \"avg\": 0.015981435775756836, \"min\": 0.00974893569946289}, \"masscollector_vm\": {\"count\": 1, \"max\": 0.27759718894958496, \"worstNruns\": [0.27759718894958496], \"avg\": 0.27759718894958496, \"min\": 0.27759718894958496}, \"invoke-method:vsanSystem-62:FetchVsanSharedSecret\": {\"count\": 2, \"max\": 0.02306985855102539, \"worstNruns\": [0.013746976852416992, 0.02306985855102539], \"avg\": 0.01840841770172119, \"min\": 0.013746976852416992}, \"invoke-method:ha-vsan-health-system:WaitForVsanHealthGenerationIdChange\": {\"count\": 693, \"max\": 10.157788038253784, \"worstNruns\": [10.145962953567505, 10.14788293838501, 10.151750087738037, 10.148323059082031, 10.157788038253784], \"avg\": 10.053372702385262, \"min\": 10.016451835632324}, \"QuerySpaceUsageOverview\": {\"count\": 2, \"max\": 2.5779130458831787, \"worstNruns\": [2.5779130458831787, 0.6493270397186279], \"avg\": 1.6136200428009033, \"min\": 0.6493270397186279}, \"GetClusterHostInfos.GetHostVsanSystem\": {\"count\": 5796, \"max\": 0.0015120506286621094, \"worstNruns\": [0.000598907470703125, 0.0007300376892089844, 0.0015120506286621094, 0.0011219978332519531, 0.0005300045013427734], \"avg\": 6.644128519062169e-06, \"min\": 3.814697265625e-06}, \"impl.QueryAdvCfgSync\": {\"count\": 8, \"max\": 1.9842112064361572, \"worstNruns\": [1.5952930450439453, 1.5490779876708984, 1.9842112064361572, 1.6365108489990234, 1.5630159378051758], \"avg\": 1.5802201330661774, \"min\": 1.3994450569152832}, \"generateGroupResult.vumGroupResult\": {\"count\": 7, \"max\": 3.3855438232421875e-05, \"worstNruns\": [3.3855438232421875e-05, 2.4080276489257812e-05, 2.5033950805664062e-05, 2.5033950805664062e-05, 2.5033950805664062e-05], \"avg\": 2.5715146745954242e-05, \"min\": 2.3126602172851562e-05}, \"masscollector_spaceUsage\": {\"count\": 1, \"max\": 31.278409957885742, \"worstNruns\": [31.278409957885742], \"avg\": 31.278409957885742, \"min\": 31.278409957885742}, \"invoke-method:vsanSystem-31:FetchVsanSharedSecret\": {\"count\": 2, \"max\": 0.02523207664489746, \"worstNruns\": [0.008931875228881836, 0.02523207664489746], \"avg\": 0.01708197593688965, \"min\": 0.008931875228881836}, \"invoke-method:ha-vsan-health-system:QueryEncryptionHealthSummary\": {\"count\": 504, \"max\": 3.643714189529419, \"worstNruns\": [3.643714189529419, 3.5000741481781006, 3.4827821254730225, 3.488853931427002, 3.270231008529663], \"avg\": 0.9835231781951965, \"min\": 0.2002248764038086}, \"phHealth.vsanPhHealthResult\": {\"count\": 7, \"max\": 0.08298587799072266, \"worstNruns\": [0.057424068450927734, 0.08298587799072266, 0.08069992065429688, 0.052536964416503906, 0.05694890022277832], \"avg\": 0.062004804611206055, \"min\": 0.05138993263244629}, \"invoke-method:vsanSystem-50:FetchVsanSharedSecret\": {\"count\": 2, \"max\": 0.04306602478027344, \"worstNruns\": [0.04306602478027344, 0.02279186248779297], \"avg\": 0.0329289436340332, \"min\": 0.02279186248779297}, \"masscollector_vsanPhysicalDisks\": {\"count\": 1, \"max\": 10.869868040084839, \"worstNruns\": [10.869868040084839], \"avg\": 10.869868040084839, \"min\": 10.869868040084839}, \"invoke-method:ha-vsan-health-system:QueryPhysicalDiskHealthSummary\": {\"count\": 504, \"max\": 5.06160306930542, \"worstNruns\": [5.000378847122192, 5.0038368701934814, 5.06160306930542, 5.02587890625, 5.031177997589111], \"avg\": 2.2668668258757827, \"min\": 1.0935778617858887}, \"masscollector_configManager.virtualNicManager.info.netConfig.selectedVnic\": {\"count\": 1, \"max\": 4.855835914611816, \"worstNruns\": [4.855835914611816], \"avg\": 4.855835914611816, \"min\": 4.855835914611816}, \"generateGroupResult.limitGroupResult\": {\"count\": 7, \"max\": 0.015799999237060547, \"worstNruns\": [0.00437617301940918, 0.005155086517333984, 0.015799999237060547, 0.004243135452270508, 0.013077020645141602], \"avg\": 0.007246630532400948, \"min\": 0.003983020782470703}, \"invoke-method:ha-vsan-health-system:CheckClomdLiveness\": {\"count\": 441, \"max\": 0.25134897232055664, \"worstNruns\": [0.24832701683044434, 0.25134897232055664, 0.2466750144958496, 0.24442100524902344, 0.24454092979431152], \"avg\": 0.14005711397616494, \"min\": 0.025697946548461914}, \"masscollector_iscsiInitiatorGroups\": {\"count\": 1, \"max\": 1.2826762199401855, \"worstNruns\": [1.2826762199401855], \"avg\": 1.2826762199401855, \"min\": 1.2826762199401855}, \"invoke-method:ha-vsan-health-system:QueryCheckLimits\": {\"count\": 441, \"max\": 0.355010986328125, \"worstNruns\": [0.34483790397644043, 0.355010986328125, 0.33665895462036133, 0.3480679988861084, 0.3353900909423828], \"avg\": 0.2089498340407737, \"min\": 0.09377813339233398}, \"invoke-method:vsanSystem-45:FetchVsanSharedSecret\": {\"count\": 2, \"max\": 0.03804898262023926, \"worstNruns\": [0.03804898262023926, 0.023918867111206055], \"avg\": 0.030983924865722656, \"min\": 0.023918867111206055}, \"masscollector_datastore.summary.type\": {\"count\": 1, \"max\": 0.028650999069213867, \"worstNruns\": [0.028650999069213867], \"avg\": 0.028650999069213867, \"min\": 0.028650999069213867}, \"vit.GetIscsiTargetServiceConfig\": {\"count\": 1, \"max\": 0.10677385330200195, \"worstNruns\": [0.10677385330200195], \"avg\": 0.10677385330200195, \"min\": 0.10677385330200195}, \"invoke-method:vsanSystem-69:FetchVsanSharedSecret\": {\"count\": 2, \"max\": 0.025942087173461914, \"worstNruns\": [0.010251045227050781, 0.025942087173461914], \"avg\": 0.018096566200256348, \"min\": 0.010251045227050781}, \"invoke-method:ha-vsan-health-system:QueryObjectHealthSummary\": {\"count\": 8, \"max\": 4.912763833999634, \"worstNruns\": [3.5466787815093994, 3.8271842002868652, 3.5754270553588867, 3.5277469158172607, 4.912763833999634], \"avg\": 3.7286898493766785, \"min\": 3.4473090171813965}, \"invoke-method:vsanSystem-46:FetchVsanSharedSecret\": {\"count\": 2, \"max\": 0.023588180541992188, \"worstNruns\": [0.012862920761108398, 0.023588180541992188], \"avg\": 0.018225550651550293, \"min\": 0.012862920761108398}, \"generateGroupResult.phyDiskGroupResult\": {\"count\": 7, \"max\": 0.06928014755249023, \"worstNruns\": [0.02648615837097168, 0.02718520164489746, 0.06928014755249023, 0.028005123138427734, 0.02615213394165039], \"avg\": 0.032546860831124444, \"min\": 0.02531909942626953}, \"invoke-method:ha-vsan-health-system:QuerySmartStats\": {\"count\": 63, \"max\": 1.6970219612121582, \"worstNruns\": [1.6787109375, 1.6769609451293945, 1.6970219612121582, 1.679434061050415, 1.6900629997253418], \"avg\": 1.5080524285634358, \"min\": 0.580535888671875}, \"impl.QueryClusterHealthSummary\": {\"count\": 2, \"max\": 83.88057708740234, \"worstNruns\": [47.673152923583984, 83.88057708740234], \"avg\": 65.77686500549316, \"min\": 47.673152923583984}, \"masscollector_host\": {\"count\": 1, \"max\": 0.005815982818603516, \"worstNruns\": [0.005815982818603516], \"avg\": 0.005815982818603516, \"min\": 0.005815982818603516}, \"encryption.GetAesniEnabledTest\": {\"count\": 7, \"max\": 0.012887954711914062, \"worstNruns\": [0.002624988555908203, 0.004136085510253906, 0.012887954711914062, 0.003136157989501953, 0.0026841163635253906], \"avg\": 0.004353182656424386, \"min\": 0.0024900436401367188}, \"vhs.QueryObjectHealthSummary\": {\"count\": 1, \"max\": 4.912998199462891, \"worstNruns\": [4.912998199462891], \"avg\": 4.912998199462891, \"min\": 4.912998199462891}, \"invoke-method:vsanSystem-36:FetchVsanSharedSecret\": {\"count\": 2, \"max\": 0.022943973541259766, \"worstNruns\": [0.011075019836425781, 0.022943973541259766], \"avg\": 0.017009496688842773, \"min\": 0.011075019836425781}, \"masscollector_cloudHealthAPIProfilingData\": {\"count\": 1, \"max\": 0.0041348934173583984, \"worstNruns\": [0.0041348934173583984], \"avg\": 0.0041348934173583984, \"min\": 0.0041348934173583984}, \"masscollector_vsanClusterHealthConfig\": {\"count\": 1, \"max\": 1.0106210708618164, \"worstNruns\": [1.0106210708618164], \"avg\": 1.0106210708618164, \"min\": 1.0106210708618164}, \"invoke-method:vsanSystem-13:FetchVsanSharedSecret\": {\"count\": 2, \"max\": 0.0226900577545166, \"worstNruns\": [0.011301994323730469, 0.0226900577545166], \"avg\": 0.016996026039123535, \"min\": 0.011301994323730469}, \"invoke-method:vsanSystem-54:FetchVsanSharedSecret\": {\"count\": 2, \"max\": 0.024885892868041992, \"worstNruns\": [0.010124921798706055, 0.024885892868041992], \"avg\": 0.017505407333374023, \"min\": 0.010124921798706055}, \"masscollector_vm.config.hardware.device\": {\"count\": 1, \"max\": 111.18572115898132, \"worstNruns\": [111.18572115898132], \"avg\": 111.18572115898132, \"min\": 111.18572115898132}, \"masscollector_vsanClusterHealthCheckInterval\": {\"count\": 1, \"max\": 0.6474161148071289, \"worstNruns\": [0.6474161148071289], \"avg\": 0.6474161148071289, \"min\": 0.6474161148071289}, \"invoke-method:vsanSystem-34:FetchVsanSharedSecret\": {\"count\": 2, \"max\": 0.024302959442138672, \"worstNruns\": [0.009469032287597656, 0.024302959442138672], \"avg\": 0.016885995864868164, \"min\": 0.009469032287597656}, \"masscollector_smartStatsSummary\": {\"count\": 1, \"max\": 3.075561046600342, \"worstNruns\": [3.075561046600342], \"avg\": 3.075561046600342, \"min\": 3.075561046600342}, \"AggregateObjectSpaceSummary\": {\"count\": 2, \"max\": 4.916593790054321, \"worstNruns\": [3.4681220054626465, 4.916593790054321], \"avg\": 4.192357897758484, \"min\": 3.4681220054626465}, \"masscollector_datastore.info.vmfs.extent\": {\"count\": 2, \"max\": 0.03299999237060547, \"worstNruns\": [0.03299999237060547, 0.03261303901672363], \"avg\": 0.03280651569366455, \"min\": 0.03261303901672363}, \"generateGroupResult.clusterGroupResult\": {\"count\": 7, \"max\": 7.69156813621521, \"worstNruns\": [2.753682851791382, 7.69156813621521, 3.4175209999084473, 2.775408983230591, 2.505739212036133], \"avg\": 3.418015582220895, \"min\": 2.3763699531555176}, \"invoke-method:ha-vsan-disk-management-system:QueryDiskMappings\": {\"count\": 126, \"max\": 2.2694520950317383, \"worstNruns\": [1.917375087738037, 2.2694520950317383, 2.250094175338745, 1.745271921157837, 1.708409070968628], \"avg\": 0.4448522083343022, \"min\": 0.09940290451049805}, \"masscollector_iscsiTargetServiceStatus\": {\"count\": 1, \"max\": 1.1526069641113281, \"worstNruns\": [1.1526069641113281], \"avg\": 1.1526069641113281, \"min\": 1.1526069641113281}, \"invoke-method:vsanSystem-25:FetchVsanSharedSecret\": {\"count\": 2, \"max\": 0.023817062377929688, \"worstNruns\": [0.020051956176757812, 0.023817062377929688], \"avg\": 0.02193450927734375, \"min\": 0.020051956176757812}, \"invoke-method:vsanSystem-71:FetchVsanSharedSecret\": {\"count\": 2, \"max\": 0.055201053619384766, \"worstNruns\": [0.019613981246948242, 0.055201053619384766], \"avg\": 0.037407517433166504, \"min\": 0.019613981246948242}, \"invoke-method:ha-vsan-disk-management-system:RetrieveCapability\": {\"count\": 882, \"max\": 0.3921828269958496, \"worstNruns\": [0.3791980743408203, 0.36684703826904297, 0.35288214683532715, 0.359375, 0.3921828269958496], \"avg\": 0.04096240818905992, \"min\": 0.014434099197387695}, \"GenerateClusterEncryptionHealthSummary\": {\"count\": 8, \"max\": 3.7708630561828613, \"worstNruns\": [1.8480370044708252, 1.8682358264923096, 3.7708630561828613, 3.4632420539855957, 1.8275680541992188], \"avg\": 2.1862932443618774, \"min\": 1.5228819847106934}, \"impl.QueryCheckLimits\": {\"count\": 7, \"max\": 0.4495091438293457, \"worstNruns\": [0.38149285316467285, 0.4495091438293457, 0.3963890075683594, 0.40198802947998047, 0.3609580993652344], \"avg\": 0.3832598754337856, \"min\": 0.3442039489746094}, \"invoke-method:vsanSystem-20:FetchVsanSharedSecret\": {\"count\": 2, \"max\": 0.02303600311279297, \"worstNruns\": [0.010269880294799805, 0.02303600311279297], \"avg\": 0.016652941703796387, \"min\": 0.010269880294799805}, \"masscollector_hostProps\": {\"count\": 1, \"max\": 10.336135864257812, \"worstNruns\": [10.336135864257812], \"avg\": 10.336135864257812, \"min\": 10.336135864257812}, \"masscollector_hardware.memorySize\": {\"count\": 1, \"max\": 6.270863056182861, \"worstNruns\": [6.270863056182861], \"avg\": 6.270863056182861, \"min\": 6.270863056182861}, \"masscollector_configManager.networkSystem.networkInfo.vnic\": {\"count\": 1, \"max\": 3.397834062576294, \"worstNruns\": [3.397834062576294], \"avg\": 3.397834062576294, \"min\": 3.397834062576294}, \"generateGroupResult.scGroupResult\": {\"count\": 7, \"max\": 0.05845999717712402, \"worstNruns\": [0.014233112335205078, 0.03694891929626465, 0.05845999717712402, 0.01423192024230957, 0.015107154846191406], \"avg\": 0.02381730079650879, \"min\": 0.013808965682983398}, \"masscollector_diskMappings\": {\"count\": 1, \"max\": 17.98390793800354, \"worstNruns\": [17.98390793800354], \"avg\": 17.98390793800354, \"min\": 17.98390793800354}, \"invoke-method:vsan-capability-system:GetCapabilities\": {\"count\": 252, \"max\": 0.2633798122406006, \"worstNruns\": [0.25062084197998047, 0.23350000381469727, 0.23052287101745605, 0.2633798122406006, 0.24578619003295898], \"avg\": 0.04575693134277586, \"min\": 0.014850854873657227}, \"vcchs._filterHealthResult\": {\"count\": 7, \"max\": 0.001007080078125, \"worstNruns\": [0.0008041858673095703, 0.0007669925689697266, 0.001007080078125, 0.0009210109710693359, 0.0007619857788085938], \"avg\": 0.0008166176932198661, \"min\": 0.0007100105285644531}, \"invoke-method:vsanSystem-65:FetchVsanSharedSecret\": {\"count\": 2, \"max\": 0.02453303337097168, \"worstNruns\": [0.01058197021484375, 0.02453303337097168], \"avg\": 0.017557501792907715, \"min\": 0.01058197021484375}, \"GetIscsiTargetServiceVersion\": {\"count\": 1, \"max\": 7.200241088867188e-05, \"worstNruns\": [7.200241088867188e-05], \"avg\": 7.200241088867188e-05, \"min\": 7.200241088867188e-05}, \"masscollector_configManager.storageSystem\": {\"count\": 1, \"max\": 0.24047183990478516, \"worstNruns\": [0.24047183990478516], \"avg\": 0.24047183990478516, \"min\": 0.24047183990478516}, \"impl.QueryEncryptionHealthSummary\": {\"count\": 8, \"max\": 8.561676025390625, \"worstNruns\": [7.668331861495972, 7.929271936416626, 7.822422981262207, 8.561676025390625, 7.755155086517334], \"avg\": 7.277731359004974, \"min\": 5.706885099411011}, \"invoke-method:vsanSystem-30:FetchVsanSharedSecret\": {\"count\": 2, \"max\": 0.023054838180541992, \"worstNruns\": [0.010298967361450195, 0.023054838180541992], \"avg\": 0.016676902770996094, \"min\": 0.010298967361450195}, \"impl.QueryClusterHealthSummary_WithCache\": {\"count\": 1, \"max\": 5.254562139511108, \"worstNruns\": [5.254562139511108], \"avg\": 5.254562139511108, \"min\": 5.254562139511108}, \"GetPolicyGenerationId.PbmQueryProfile\": {\"count\": 2, \"max\": 0.11163997650146484, \"worstNruns\": [0.11163997650146484, 0.06234908103942871], \"avg\": 0.08699452877044678, \"min\": 0.06234908103942871}, \"invoke-method:vsanSystem-59:FetchVsanSharedSecret\": {\"count\": 2, \"max\": 0.06308794021606445, \"worstNruns\": [0.011711835861206055, 0.06308794021606445], \"avg\": 0.037399888038635254, \"min\": 0.011711835861206055}, \"impl.QuerySmartStatsSummary\": {\"count\": 1, \"max\": 1.7601230144500732, \"worstNruns\": [1.7601230144500732], \"avg\": 1.7601230144500732, \"min\": 1.7601230144500732}, \"masscollector_clusterHealthSummary\": {\"count\": 1, \"max\": 48.365323066711426, \"worstNruns\": [48.365323066711426], \"avg\": 48.365323066711426, \"min\": 48.365323066711426}, \"impl.QueryObjectIdentities\": {\"count\": 2, \"max\": 57.833271980285645, \"worstNruns\": [8.887964010238647, 57.833271980285645], \"avg\": 33.360617995262146, \"min\": 8.887964010238647}, \"invoke-method:vsanSystem-57:FetchVsanSharedSecret\": {\"count\": 2, \"max\": 0.023415088653564453, \"worstNruns\": [0.010259151458740234, 0.023415088653564453], \"avg\": 0.016837120056152344, \"min\": 0.010259151458740234}, \"invoke-method:vsanSystem-27:FetchVsanSharedSecret\": {\"count\": 2, \"max\": 0.11543107032775879, \"worstNruns\": [0.11543107032775879, 0.04439496994018555], \"avg\": 0.07991302013397217, \"min\": 0.04439496994018555}, \"masscollector_iscsiLUNs\": {\"count\": 1, \"max\": 1.2149250507354736, \"worstNruns\": [1.2149250507354736], \"avg\": 1.2149250507354736, \"min\": 1.2149250507354736}, \"invoke-method:vsanSystem-61:FetchVsanSharedSecret\": {\"count\": 2, \"max\": 0.026707172393798828, \"worstNruns\": [0.010522842407226562, 0.026707172393798828], \"avg\": 0.018615007400512695, \"min\": 0.010522842407226562}, \"healthEventMonitor.QueryClusterHealthSummary\": {\"count\": 5, \"max\": 77.53221607208252, \"worstNruns\": [77.53221607208252, 70.67805695533752, 44.63681983947754, 49.35553288459778, 45.16448402404785], \"avg\": 57.47342195510864, \"min\": 44.63681983947754}, \"invoke-method:ha-vsan-health-system:QueryAdvCfg\": {\"count\": 1449, \"max\": 1.3472609519958496, \"worstNruns\": [1.3415858745574951, 1.3214221000671387, 1.3472609519958496, 1.3284921646118164, 1.321502923965454], \"avg\": 0.4128979542405132, \"min\": 0.015217781066894531}, \"invoke-accessor:domain-c7:network\": {\"count\": 2, \"max\": 0.0022330284118652344, \"worstNruns\": [0.002126932144165039, 0.0022330284118652344], \"avg\": 0.0021799802780151367, \"min\": 0.002126932144165039}, \"clusterGroupResult.dedupIssueTest\": {\"count\": 7, \"max\": 4.515070915222168, \"worstNruns\": [1.3894460201263428, 4.515070915222168, 1.5134751796722412, 1.3910331726074219, 1.1711390018463135], \"avg\": 1.7382027421678816, \"min\": 1.089421033859253}, \"masscollector_advanceConfigInfo\": {\"count\": 1, \"max\": 2.1746671199798584, \"worstNruns\": [2.1746671199798584], \"avg\": 2.1746671199798584, \"min\": 2.1746671199798584}}}"}]}]}, {"@id": "8ebac75e-5871-4c7e-9ba4-9f7dcc35a29c", "@type": "pa__deployment_secret", "secret": "e702b8ae-b089-41b6-b51a-007b74b6b7d9"}]